{"Title":"Wireless Controller","ProviderName":"SharpDX_DirectInput","DeviceHandle":"VID_054C&PID_09CC","DeviceNumber":0,"DeviceBindingMenu":[{"Title":"Axes","IsBinding":false,"ChildrenNodes":[{"Title":"X","IsBinding":true,"ChildrenNodes":null,"DeviceBindingInfo":{"KeyType":0,"KeyValue":0,"KeySubValue":0,"DeviceBindingCategory":2,"Blockable":false}},{"Title":"Y","IsBinding":true,"ChildrenNodes":null,"DeviceBindingInfo":{"KeyType":0,"KeyValue":4,"KeySubValue":0,"DeviceBindingCategory":2,"Blockable":false}},{"Title":"Z","IsBinding":true,"ChildrenNodes":null,"DeviceBindingInfo":{"KeyType":0,"KeyValue":8,"KeySubValue":0,"DeviceBindingCategory":2,"Blockable":false}},{"Title":"RotationX","IsBinding":true,"ChildrenNodes":null,"DeviceBindingInfo":{"KeyType":0,"KeyValue":12,"KeySubValue":0,"DeviceBindingCategory":2,"Blockable":false}},{"Title":"RotationY","IsBinding":true,"ChildrenNodes":null,"DeviceBindingInfo":{"KeyType":0,"KeyValue":16,"KeySubValue":0,"DeviceBindingCategory":2,"Blockable":false}},{"Title":"RotationZ","IsBinding":true,"ChildrenNodes":null,"DeviceBindingInfo":{"KeyType":0,"KeyValue":20,"KeySubValue":0,"DeviceBindingCategory":2,"Blockable":false}}],"DeviceBindingInfo":null},{"Title":"Buttons","IsBinding":false,"ChildrenNodes":[{"Title":"1","IsBinding":true,"ChildrenNodes":null,"DeviceBindingInfo":{"KeyType":1,"KeyValue":48,"KeySubValue":0,"DeviceBindingCategory":1,"Blockable":false}},{"Title":"2","IsBinding":true,"ChildrenNodes":null,"DeviceBindingInfo":{"KeyType":1,"KeyValue":49,"KeySubValue":0,"DeviceBindingCategory":1,"Blockable":false}},{"Title":"3","IsBinding":true,"ChildrenNodes":null,"DeviceBindingInfo":{"KeyType":1,"KeyValue":50,"KeySubValue":0,"DeviceBindingCategory":1,"Blockable":false}},{"Title":"4","IsBinding":true,"ChildrenNodes":null,"DeviceBindingInfo":{"KeyType":1,"KeyValue":51,"KeySubValue":0,"DeviceBindingCategory":1,"Blockable":false}},{"Title":"5","IsBinding":true,"ChildrenNodes":null,"DeviceBindingInfo":{"KeyType":1,"KeyValue":52,"KeySubValue":0,"DeviceBindingCategory":1,"Blockable":false}},{"Title":"6","IsBinding":true,"ChildrenNodes":null,"DeviceBindingInfo":{"KeyType":1,"KeyValue":53,"KeySubValue":0,"DeviceBindingCategory":1,"Blockable":false}},{"Title":"7","IsBinding":true,"ChildrenNodes":null,"DeviceBindingInfo":{"KeyType":1,"KeyValue":54,"KeySubValue":0,"DeviceBindingCategory":1,"Blockable":false}},{"Title":"8","IsBinding":true,"ChildrenNodes":null,"DeviceBindingInfo":{"KeyType":1,"KeyValue":55,"KeySubValue":0,"DeviceBindingCategory":1,"Blockable":false}},{"Title":"9","IsBinding":true,"ChildrenNodes":null,"DeviceBindingInfo":{"KeyType":1,"KeyValue":56,"KeySubValue":0,"DeviceBindingCategory":1,"Blockable":false}},{"Title":"10","IsBinding":true,"ChildrenNodes":null,"DeviceBindingInfo":{"KeyType":1,"KeyValue":57,"KeySubValue":0,"DeviceBindingCategory":1,"Blockable":false}},{"Title":"11","IsBinding":true,"ChildrenNodes":null,"DeviceBindingInfo":{"KeyType":1,"KeyValue":58,"KeySubValue":0,"DeviceBindingCategory":1,"Blockable":false}},{"Title":"12","IsBinding":true,"ChildrenNodes":null,"DeviceBindingInfo":{"KeyType":1,"KeyValue":59,"KeySubValue":0,"DeviceBindingCategory":1,"Blockable":false}},{"Title":"13","IsBinding":true,"ChildrenNodes":null,"DeviceBindingInfo":{"KeyType":1,"KeyValue":60,"KeySubValue":0,"DeviceBindingCategory":1,"Blockable":false}},{"Title":"14","IsBinding":true,"ChildrenNodes":null,"DeviceBindingInfo":{"KeyType":1,"KeyValue":61,"KeySubValue":0,"DeviceBindingCategory":1,"Blockable":false}}],"DeviceBindingInfo":null},{"Title":"POVs","IsBinding":false,"ChildrenNodes":[{"Title":"POV #1","IsBinding":false,"ChildrenNodes":[{"Title":"Up","IsBinding":true,"ChildrenNodes":null,"DeviceBindingInfo":{"KeyType":2,"KeyValue":0,"KeySubValue":0,"DeviceBindingCategory":1,"Blockable":false}},{"Title":"Right","IsBinding":true,"ChildrenNodes":null,"DeviceBindingInfo":{"KeyType":2,"KeyValue":0,"KeySubValue":1,"DeviceBindingCategory":1,"Blockable":false}},{"Title":"Down","IsBinding":true,"ChildrenNodes":null,"DeviceBindingInfo":{"KeyType":2,"KeyValue":0,"KeySubValue":2,"DeviceBindingCategory":1,"Blockable":false}},{"Title":"Left","IsBinding":true,"ChildrenNodes":null,"DeviceBindingInfo":{"KeyType":2,"KeyValue":0,"KeySubValue":3,"DeviceBindingCategory":1,"Blockable":false}}],"DeviceBindingInfo":null}],"DeviceBindingInfo":null}],"Blockable":false}