<?xml version="1.0" encoding="utf-8"?>
<Context xmlns:xsi="http://www.w3.org/2001/XMLSchema-instance" xmlns:xsd="http://www.w3.org/2001/XMLSchema">
  <Profiles>
    <Profile Title="GamePadEdson" Guid="49acb8e9-8287-416b-8c0b-16ba6211afad">
      <ChildProfiles />
      <Mappings>
        <Mapping Title="joy">
          <DeviceBindings>
            <DeviceBinding IsBound="true" DeviceConfigurationGuid="0ee10f2a-8922-4644-8771-4a3959fb149e" KeyType="0" KeyValue="0" KeySubValue="0" />
            <DeviceBinding IsBound="true" DeviceConfigurationGuid="0ee10f2a-8922-4644-8771-4a3959fb149e" KeyType="0" KeyValue="4" KeySubValue="0" />
          </DeviceBindings>
          <Plugins>
            <Plugin xsi:type="AxesToAxes">
              <Outputs>
                <DeviceBinding IsBound="true" DeviceConfigurationGuid="a6829ae3-196a-43d8-9de2-f94d8d931a12" KeyType="0" KeyValue="0" KeySubValue="0" />
                <DeviceBinding IsBound="true" DeviceConfigurationGuid="a6829ae3-196a-43d8-9de2-f94d8d931a12" KeyType="0" KeyValue="1" KeySubValue="0" />
              </Outputs>
              <Filters />
              <InvertX>true</InvertX>
              <InvertY>true</InvertY>
              <Sensitivity>300</Sensitivity>
              <Linear>false</Linear>
              <DeadZone>0</DeadZone>
              <CircularDz>false</CircularDz>
            </Plugin>
          </Plugins>
        </Mapping>
        <Mapping Title="A">
          <DeviceBindings>
            <DeviceBinding IsBound="true" DeviceConfigurationGuid="0ee10f2a-8922-4644-8771-4a3959fb149e" KeyType="1" KeyValue="48" KeySubValue="0" />
          </DeviceBindings>
          <Plugins>
            <Plugin xsi:type="ButtonToButton">
              <Outputs>
                <DeviceBinding IsBound="true" DeviceConfigurationGuid="a6829ae3-196a-43d8-9de2-f94d8d931a12" KeyType="1" KeyValue="0" KeySubValue="0" />
              </Outputs>
              <Filters />
              <Invert>false</Invert>
            </Plugin>
          </Plugins>
        </Mapping>
        <Mapping Title="B">
          <DeviceBindings>
            <DeviceBinding IsBound="true" DeviceConfigurationGuid="0ee10f2a-8922-4644-8771-4a3959fb149e" KeyType="1" KeyValue="49" KeySubValue="0" />
          </DeviceBindings>
          <Plugins>
            <Plugin xsi:type="ButtonToButton">
              <Outputs>
                <DeviceBinding IsBound="true" DeviceConfigurationGuid="a6829ae3-196a-43d8-9de2-f94d8d931a12" KeyType="1" KeyValue="1" KeySubValue="0" />
              </Outputs>
              <Filters />
              <Invert>false</Invert>
            </Plugin>
          </Plugins>
        </Mapping>
        <Mapping Title="X">
          <DeviceBindings>
            <DeviceBinding IsBound="true" DeviceConfigurationGuid="0ee10f2a-8922-4644-8771-4a3959fb149e" KeyType="1" KeyValue="50" KeySubValue="0" />
          </DeviceBindings>
          <Plugins>
            <Plugin xsi:type="ButtonToButton">
              <Outputs>
                <DeviceBinding IsBound="true" DeviceConfigurationGuid="a6829ae3-196a-43d8-9de2-f94d8d931a12" KeyType="1" KeyValue="2" KeySubValue="0" />
              </Outputs>
              <Filters />
              <Invert>false</Invert>
            </Plugin>
          </Plugins>
        </Mapping>
        <Mapping Title="Y">
          <DeviceBindings>
            <DeviceBinding IsBound="true" DeviceConfigurationGuid="0ee10f2a-8922-4644-8771-4a3959fb149e" KeyType="1" KeyValue="51" KeySubValue="0" />
          </DeviceBindings>
          <Plugins>
            <Plugin xsi:type="ButtonToButton">
              <Outputs>
                <DeviceBinding IsBound="true" DeviceConfigurationGuid="a6829ae3-196a-43d8-9de2-f94d8d931a12" KeyType="1" KeyValue="3" KeySubValue="0" />
              </Outputs>
              <Filters />
              <Invert>false</Invert>
            </Plugin>
          </Plugins>
        </Mapping>
        <Mapping Title="up">
          <DeviceBindings>
            <DeviceBinding IsBound="true" DeviceConfigurationGuid="0ee10f2a-8922-4644-8771-4a3959fb149e" KeyType="1" KeyValue="54" KeySubValue="0" />
          </DeviceBindings>
          <Plugins>
            <Plugin xsi:type="ButtonToButton">
              <Outputs>
                <DeviceBinding IsBound="true" DeviceConfigurationGuid="a6829ae3-196a-43d8-9de2-f94d8d931a12" KeyType="2" KeyValue="0" KeySubValue="0" />
              </Outputs>
              <Filters />
              <Invert>false</Invert>
            </Plugin>
          </Plugins>
        </Mapping>
        <Mapping Title="right">
          <DeviceBindings>
            <DeviceBinding IsBound="true" DeviceConfigurationGuid="0ee10f2a-8922-4644-8771-4a3959fb149e" KeyType="1" KeyValue="57" KeySubValue="0" />
          </DeviceBindings>
          <Plugins>
            <Plugin xsi:type="ButtonToButton">
              <Outputs>
                <DeviceBinding IsBound="true" DeviceConfigurationGuid="a6829ae3-196a-43d8-9de2-f94d8d931a12" KeyType="2" KeyValue="1" KeySubValue="0" />
              </Outputs>
              <Filters />
              <Invert>false</Invert>
            </Plugin>
          </Plugins>
        </Mapping>
        <Mapping Title="down">
          <DeviceBindings>
            <DeviceBinding IsBound="true" DeviceConfigurationGuid="0ee10f2a-8922-4644-8771-4a3959fb149e" KeyType="1" KeyValue="55" KeySubValue="0" />
          </DeviceBindings>
          <Plugins>
            <Plugin xsi:type="ButtonToButton">
              <Outputs>
                <DeviceBinding IsBound="true" DeviceConfigurationGuid="a6829ae3-196a-43d8-9de2-f94d8d931a12" KeyType="2" KeyValue="2" KeySubValue="0" />
              </Outputs>
              <Filters />
              <Invert>false</Invert>
            </Plugin>
          </Plugins>
        </Mapping>
        <Mapping Title="left">
          <DeviceBindings>
            <DeviceBinding IsBound="true" DeviceConfigurationGuid="0ee10f2a-8922-4644-8771-4a3959fb149e" KeyType="1" KeyValue="56" KeySubValue="0" />
          </DeviceBindings>
          <Plugins>
            <Plugin xsi:type="ButtonToButton">
              <Outputs>
                <DeviceBinding IsBound="true" DeviceConfigurationGuid="a6829ae3-196a-43d8-9de2-f94d8d931a12" KeyType="2" KeyValue="3" KeySubValue="0" />
              </Outputs>
              <Filters />
              <Invert>false</Invert>
            </Plugin>
          </Plugins>
        </Mapping>
        <Mapping Title="lb">
          <DeviceBindings>
            <DeviceBinding IsBound="true" DeviceConfigurationGuid="0ee10f2a-8922-4644-8771-4a3959fb149e" KeyType="1" KeyValue="52" KeySubValue="0" />
          </DeviceBindings>
          <Plugins>
            <Plugin xsi:type="ButtonToButton">
              <Outputs>
                <DeviceBinding IsBound="true" DeviceConfigurationGuid="a6829ae3-196a-43d8-9de2-f94d8d931a12" KeyType="1" KeyValue="4" KeySubValue="0" />
              </Outputs>
              <Filters />
              <Invert>false</Invert>
            </Plugin>
          </Plugins>
        </Mapping>
        <Mapping Title="rb">
          <DeviceBindings>
            <DeviceBinding IsBound="true" DeviceConfigurationGuid="0ee10f2a-8922-4644-8771-4a3959fb149e" KeyType="1" KeyValue="53" KeySubValue="0" />
          </DeviceBindings>
          <Plugins>
            <Plugin xsi:type="ButtonToButton">
              <Outputs>
                <DeviceBinding IsBound="true" DeviceConfigurationGuid="a6829ae3-196a-43d8-9de2-f94d8d931a12" KeyType="1" KeyValue="5" KeySubValue="0" />
              </Outputs>
              <Filters />
              <Invert>false</Invert>
            </Plugin>
          </Plugins>
        </Mapping>
      </Mappings>
      <InputDeviceConfigurations>
        <DeviceConfiguration Guid="0ee10f2a-8922-4644-8771-4a3959fb149e">
          <Device Title="USB PIC" ProviderName="SharpDX_DirectInput" DeviceHandle="VID_0461&amp;PID_0022" DeviceNumber="0" />
          <ShadowDevices />
        </DeviceConfiguration>
      </InputDeviceConfigurations>
      <OutputDeviceConfigurations>
        <DeviceConfiguration Guid="a6829ae3-196a-43d8-9de2-f94d8d931a12">
          <Device Title="ViGEm Xbox 360 Controller 1" ProviderName="Core_ViGEm" DeviceHandle="xb360" DeviceNumber="0" />
          <ShadowDevices />
        </DeviceConfiguration>
      </OutputDeviceConfigurations>
    </Profile>
    <Profile Title="sf" Guid="ec029564-dde1-4bd9-be71-df595d2b4aa9">
      <ChildProfiles />
      <Mappings>
        <Mapping Title="x">
          <DeviceBindings>
            <DeviceBinding IsBound="true" DeviceConfigurationGuid="57a52734-ab51-4a0f-b731-cbd37ca34816" KeyType="0" KeyValue="0" KeySubValue="0" />
          </DeviceBindings>
          <Plugins>
            <Plugin xsi:type="AxisToButton">
              <Outputs>
                <DeviceBinding IsBound="true" DeviceConfigurationGuid="e392062b-dd9d-4bf0-a2aa-0e3878298d47" KeyType="2" KeyValue="1" KeySubValue="0" />
                <DeviceBinding IsBound="true" DeviceConfigurationGuid="e392062b-dd9d-4bf0-a2aa-0e3878298d47" KeyType="2" KeyValue="3" KeySubValue="0" />
              </Outputs>
              <Filters />
              <Invert>true</Invert>
              <DeadZone>30</DeadZone>
            </Plugin>
          </Plugins>
        </Mapping>
        <Mapping Title="y">
          <DeviceBindings>
            <DeviceBinding IsBound="true" DeviceConfigurationGuid="57a52734-ab51-4a0f-b731-cbd37ca34816" KeyType="0" KeyValue="4" KeySubValue="0" />
          </DeviceBindings>
          <Plugins>
            <Plugin xsi:type="AxisToButton">
              <Outputs>
                <DeviceBinding IsBound="true" DeviceConfigurationGuid="e392062b-dd9d-4bf0-a2aa-0e3878298d47" KeyType="2" KeyValue="0" KeySubValue="0" />
                <DeviceBinding IsBound="true" DeviceConfigurationGuid="e392062b-dd9d-4bf0-a2aa-0e3878298d47" KeyType="2" KeyValue="2" KeySubValue="0" />
              </Outputs>
              <Filters />
              <Invert>true</Invert>
              <DeadZone>30</DeadZone>
            </Plugin>
          </Plugins>
        </Mapping>
        <Mapping Title="a">
          <DeviceBindings>
            <DeviceBinding IsBound="true" DeviceConfigurationGuid="57a52734-ab51-4a0f-b731-cbd37ca34816" KeyType="1" KeyValue="48" KeySubValue="0" />
          </DeviceBindings>
          <Plugins>
            <Plugin xsi:type="ButtonToButton">
              <Outputs>
                <DeviceBinding IsBound="true" DeviceConfigurationGuid="e392062b-dd9d-4bf0-a2aa-0e3878298d47" KeyType="1" KeyValue="0" KeySubValue="0" />
              </Outputs>
              <Filters />
              <Invert>false</Invert>
            </Plugin>
          </Plugins>
        </Mapping>
        <Mapping Title="b">
          <DeviceBindings>
            <DeviceBinding IsBound="true" DeviceConfigurationGuid="57a52734-ab51-4a0f-b731-cbd37ca34816" KeyType="1" KeyValue="49" KeySubValue="0" />
          </DeviceBindings>
          <Plugins>
            <Plugin xsi:type="ButtonToButton">
              <Outputs>
                <DeviceBinding IsBound="true" DeviceConfigurationGuid="e392062b-dd9d-4bf0-a2aa-0e3878298d47" KeyType="1" KeyValue="1" KeySubValue="0" />
              </Outputs>
              <Filters />
              <Invert>false</Invert>
            </Plugin>
          </Plugins>
        </Mapping>
        <Mapping Title="x">
          <DeviceBindings>
            <DeviceBinding IsBound="true" DeviceConfigurationGuid="57a52734-ab51-4a0f-b731-cbd37ca34816" KeyType="1" KeyValue="50" KeySubValue="0" />
          </DeviceBindings>
          <Plugins>
            <Plugin xsi:type="ButtonToButton">
              <Outputs>
                <DeviceBinding IsBound="true" DeviceConfigurationGuid="e392062b-dd9d-4bf0-a2aa-0e3878298d47" KeyType="1" KeyValue="2" KeySubValue="0" />
              </Outputs>
              <Filters />
              <Invert>false</Invert>
            </Plugin>
          </Plugins>
        </Mapping>
        <Mapping Title="y">
          <DeviceBindings>
            <DeviceBinding IsBound="true" DeviceConfigurationGuid="57a52734-ab51-4a0f-b731-cbd37ca34816" KeyType="1" KeyValue="51" KeySubValue="0" />
          </DeviceBindings>
          <Plugins>
            <Plugin xsi:type="ButtonToButton">
              <Outputs>
                <DeviceBinding IsBound="true" DeviceConfigurationGuid="e392062b-dd9d-4bf0-a2aa-0e3878298d47" KeyType="1" KeyValue="3" KeySubValue="0" />
              </Outputs>
              <Filters />
              <Invert>false</Invert>
            </Plugin>
          </Plugins>
        </Mapping>
        <Mapping Title="lb">
          <DeviceBindings>
            <DeviceBinding IsBound="true" DeviceConfigurationGuid="57a52734-ab51-4a0f-b731-cbd37ca34816" KeyType="1" KeyValue="52" KeySubValue="0" />
          </DeviceBindings>
          <Plugins>
            <Plugin xsi:type="ButtonToButton">
              <Outputs>
                <DeviceBinding IsBound="true" DeviceConfigurationGuid="e392062b-dd9d-4bf0-a2aa-0e3878298d47" KeyType="1" KeyValue="4" KeySubValue="0" />
              </Outputs>
              <Filters />
              <Invert>false</Invert>
            </Plugin>
          </Plugins>
        </Mapping>
        <Mapping Title="rb">
          <DeviceBindings>
            <DeviceBinding IsBound="true" DeviceConfigurationGuid="57a52734-ab51-4a0f-b731-cbd37ca34816" KeyType="1" KeyValue="53" KeySubValue="0" />
          </DeviceBindings>
          <Plugins>
            <Plugin xsi:type="ButtonToButton">
              <Outputs>
                <DeviceBinding IsBound="true" DeviceConfigurationGuid="e392062b-dd9d-4bf0-a2aa-0e3878298d47" KeyType="1" KeyValue="5" KeySubValue="0" />
              </Outputs>
              <Filters />
              <Invert>false</Invert>
            </Plugin>
          </Plugins>
        </Mapping>
      </Mappings>
      <InputDeviceConfigurations>
        <DeviceConfiguration Guid="57a52734-ab51-4a0f-b731-cbd37ca34816">
          <Device Title="USB PIC" ProviderName="SharpDX_DirectInput" DeviceHandle="VID_0461&amp;PID_0022" DeviceNumber="0" />
          <ShadowDevices />
        </DeviceConfiguration>
        <DeviceConfiguration Guid="c2ae4ff8-cc08-49e2-8513-525278db8e46">
          <Device Title="USB Gamepa" ProviderName="SharpDX_DirectInput" DeviceHandle="VID_0461&amp;PID_0056" DeviceNumber="0" />
          <ShadowDevices />
        </DeviceConfiguration>
      </InputDeviceConfigurations>
      <OutputDeviceConfigurations>
        <DeviceConfiguration Guid="e392062b-dd9d-4bf0-a2aa-0e3878298d47">
          <Device Title="ViGEm Xbox 360 Controller 1" ProviderName="Core_ViGEm" DeviceHandle="xb360" DeviceNumber="0" />
          <ShadowDevices />
        </DeviceConfiguration>
        <DeviceConfiguration Guid="1b91d34d-c086-4cdb-89e2-6744972b4dc5">
          <Device Title="ViGEm Xbox 360 Controller 2" ProviderName="Core_ViGEm" DeviceHandle="xb360" DeviceNumber="1" />
          <ShadowDevices />
        </DeviceConfiguration>
      </OutputDeviceConfigurations>
    </Profile>
  </Profiles>
</Context>