{"Title":"DS4 Controller #2","ProviderName":"Core_DS4WindowsApi","DeviceHandle":"0","DeviceNumber":1,"DeviceBindingMenu":[{"Title":"Buttons","IsBinding":false,"ChildrenNodes":[{"Title":"Cross","IsBinding":true,"ChildrenNodes":null,"DeviceBindingInfo":{"KeyType":1,"KeyValue":0,"KeySubValue":0,"DeviceBindingCategory":1,"Blockable":false}},{"Title":"Circle","IsBinding":true,"ChildrenNodes":null,"DeviceBindingInfo":{"KeyType":1,"KeyValue":1,"KeySubValue":0,"DeviceBindingCategory":1,"Blockable":false}},{"Title":"Square","IsBinding":true,"ChildrenNodes":null,"DeviceBindingInfo":{"KeyType":1,"KeyValue":2,"KeySubValue":0,"DeviceBindingCategory":1,"Blockable":false}},{"Title":"Triangle","IsBinding":true,"ChildrenNodes":null,"DeviceBindingInfo":{"KeyType":1,"KeyValue":3,"KeySubValue":0,"DeviceBindingCategory":1,"Blockable":false}},{"Title":"L1","IsBinding":true,"ChildrenNodes":null,"DeviceBindingInfo":{"KeyType":1,"KeyValue":4,"KeySubValue":0,"DeviceBindingCategory":1,"Blockable":false}},{"Title":"L3","IsBinding":true,"ChildrenNodes":null,"DeviceBindingInfo":{"KeyType":1,"KeyValue":5,"KeySubValue":0,"DeviceBindingCategory":1,"Blockable":false}},{"Title":"R1","IsBinding":true,"ChildrenNodes":null,"DeviceBindingInfo":{"KeyType":1,"KeyValue":6,"KeySubValue":0,"DeviceBindingCategory":1,"Blockable":false}},{"Title":"R3","IsBinding":true,"ChildrenNodes":null,"DeviceBindingInfo":{"KeyType":1,"KeyValue":7,"KeySubValue":0,"DeviceBindingCategory":1,"Blockable":false}},{"Title":"Share","IsBinding":true,"ChildrenNodes":null,"DeviceBindingInfo":{"KeyType":1,"KeyValue":8,"KeySubValue":0,"DeviceBindingCategory":1,"Blockable":false}},{"Title":"Options","IsBinding":true,"ChildrenNodes":null,"DeviceBindingInfo":{"KeyType":1,"KeyValue":9,"KeySubValue":0,"DeviceBindingCategory":1,"Blockable":false}},{"Title":"PS","IsBinding":true,"ChildrenNodes":null,"DeviceBindingInfo":{"KeyType":1,"KeyValue":10,"KeySubValue":0,"DeviceBindingCategory":1,"Blockable":false}},{"Title":"TouchButton","IsBinding":true,"ChildrenNodes":null,"DeviceBindingInfo":{"KeyType":1,"KeyValue":11,"KeySubValue":0,"DeviceBindingCategory":1,"Blockable":false}},{"Title":"Touch1","IsBinding":true,"ChildrenNodes":null,"DeviceBindingInfo":{"KeyType":1,"KeyValue":12,"KeySubValue":0,"DeviceBindingCategory":1,"Blockable":false}},{"Title":"Touch2","IsBinding":true,"ChildrenNodes":null,"DeviceBindingInfo":{"KeyType":1,"KeyValue":13,"KeySubValue":0,"DeviceBindingCategory":1,"Blockable":false}},{"Title":"TouchL","IsBinding":true,"ChildrenNodes":null,"DeviceBindingInfo":{"KeyType":1,"KeyValue":14,"KeySubValue":0,"DeviceBindingCategory":1,"Blockable":false}},{"Title":"TouchR","IsBinding":true,"ChildrenNodes":null,"DeviceBindingInfo":{"KeyType":1,"KeyValue":15,"KeySubValue":0,"DeviceBindingCategory":1,"Blockable":false}}],"DeviceBindingInfo":null},{"Title":"Axes","IsBinding":false,"ChildrenNodes":[{"Title":"LS X","IsBinding":true,"ChildrenNodes":null,"DeviceBindingInfo":{"KeyType":0,"KeyValue":0,"KeySubValue":0,"DeviceBindingCategory":2,"Blockable":false}},{"Title":"LS Y","IsBinding":true,"ChildrenNodes":null,"DeviceBindingInfo":{"KeyType":0,"KeyValue":1,"KeySubValue":0,"DeviceBindingCategory":2,"Blockable":false}},{"Title":"RS X","IsBinding":true,"ChildrenNodes":null,"DeviceBindingInfo":{"KeyType":0,"KeyValue":2,"KeySubValue":0,"DeviceBindingCategory":2,"Blockable":false}},{"Title":"RS Y","IsBinding":true,"ChildrenNodes":null,"DeviceBindingInfo":{"KeyType":0,"KeyValue":3,"KeySubValue":0,"DeviceBindingCategory":2,"Blockable":false}},{"Title":"L2","IsBinding":true,"ChildrenNodes":null,"DeviceBindingInfo":{"KeyType":0,"KeyValue":4,"KeySubValue":0,"DeviceBindingCategory":2,"Blockable":false}},{"Title":"R2","IsBinding":true,"ChildrenNodes":null,"DeviceBindingInfo":{"KeyType":0,"KeyValue":5,"KeySubValue":0,"DeviceBindingCategory":2,"Blockable":false}}],"DeviceBindingInfo":null},{"Title":"DPad","IsBinding":false,"ChildrenNodes":[{"Title":"Up","IsBinding":true,"ChildrenNodes":null,"DeviceBindingInfo":{"KeyType":2,"KeyValue":0,"KeySubValue":0,"DeviceBindingCategory":1,"Blockable":false}},{"Title":"Right","IsBinding":true,"ChildrenNodes":null,"DeviceBindingInfo":{"KeyType":2,"KeyValue":1,"KeySubValue":0,"DeviceBindingCategory":1,"Blockable":false}},{"Title":"Down","IsBinding":true,"ChildrenNodes":null,"DeviceBindingInfo":{"KeyType":2,"KeyValue":2,"KeySubValue":0,"DeviceBindingCategory":1,"Blockable":false}},{"Title":"Left","IsBinding":true,"ChildrenNodes":null,"DeviceBindingInfo":{"KeyType":2,"KeyValue":3,"KeySubValue":0,"DeviceBindingCategory":1,"Blockable":false}}],"DeviceBindingInfo":null},{"Title":"Gyro","IsBinding":false,"ChildrenNodes":[{"Title":"Gyro Absolute X","IsBinding":true,"ChildrenNodes":null,"DeviceBindingInfo":{"KeyType":0,"KeyValue":0,"KeySubValue":2,"DeviceBindingCategory":2,"Blockable":false}},{"Title":"Gyro Absolute Y","IsBinding":true,"ChildrenNodes":null,"DeviceBindingInfo":{"KeyType":0,"KeyValue":1,"KeySubValue":2,"DeviceBindingCategory":2,"Blockable":false}},{"Title":"Gyro Absolute Z","IsBinding":true,"ChildrenNodes":null,"DeviceBindingInfo":{"KeyType":0,"KeyValue":2,"KeySubValue":2,"DeviceBindingCategory":2,"Blockable":false}},{"Title":"Gyro Relative X","IsBinding":true,"ChildrenNodes":null,"DeviceBindingInfo":{"KeyType":0,"KeyValue":3,"KeySubValue":2,"DeviceBindingCategory":3,"Blockable":false}},{"Title":"Gyro Relative Y","IsBinding":true,"ChildrenNodes":null,"DeviceBindingInfo":{"KeyType":0,"KeyValue":4,"KeySubValue":2,"DeviceBindingCategory":3,"Blockable":false}},{"Title":"Gyro Relative Z","IsBinding":true,"ChildrenNodes":null,"DeviceBindingInfo":{"KeyType":0,"KeyValue":5,"KeySubValue":2,"DeviceBindingCategory":3,"Blockable":false}}],"DeviceBindingInfo":null},{"Title":"TouchPad","IsBinding":false,"ChildrenNodes":[{"Title":"Touch X (Relative)","IsBinding":true,"ChildrenNodes":null,"DeviceBindingInfo":{"KeyType":0,"KeyValue":0,"KeySubValue":1,"DeviceBindingCategory":3,"Blockable":false}},{"Title":"Touch Y (Relative)","IsBinding":true,"ChildrenNodes":null,"DeviceBindingInfo":{"KeyType":0,"KeyValue":1,"KeySubValue":1,"DeviceBindingCategory":3,"Blockable":false}},{"Title":"Touch X (Absolute)","IsBinding":true,"ChildrenNodes":null,"DeviceBindingInfo":{"KeyType":0,"KeyValue":2,"KeySubValue":1,"DeviceBindingCategory":2,"Blockable":false}},{"Title":"Touch Y (Absolute)","IsBinding":true,"ChildrenNodes":null,"DeviceBindingInfo":{"KeyType":0,"KeyValue":3,"KeySubValue":1,"DeviceBindingCategory":2,"Blockable":false}}],"DeviceBindingInfo":null}],"Blockable":false}