<?xml version="1.0" encoding="utf-8"?>
<Context xmlns:xsi="http://www.w3.org/2001/XMLSchema-instance" xmlns:xsd="http://www.w3.org/2001/XMLSchema">
  <Profiles>
    <Profile Title="GamePic" Guid="67e5a824-fad4-4190-9b1a-430047211f9f">
      <ChildProfiles />
      <Mappings>
        <Mapping Title="x">
          <DeviceBindings>
            <DeviceBinding IsBound="true" DeviceConfigurationGuid="799d5d2c-5b11-484c-a335-ebed87a23cf0" KeyType="0" KeyValue="0" KeySubValue="0" />
            <DeviceBinding IsBound="true" DeviceConfigurationGuid="799d5d2c-5b11-484c-a335-ebed87a23cf0" KeyType="0" KeyValue="4" KeySubValue="0" />
          </DeviceBindings>
          <Plugins>
            <Plugin xsi:type="AxesToAxes">
              <Outputs>
                <DeviceBinding IsBound="false" DeviceConfigurationGuid="00000000-0000-0000-0000-000000000000" KeyType="0" KeyValue="0" KeySubValue="0" />
                <DeviceBinding IsBound="false" DeviceConfigurationGuid="00000000-0000-0000-0000-000000000000" KeyType="0" KeyValue="0" KeySubValue="0" />
              </Outputs>
              <Filters />
              <InvertX>false</InvertX>
              <InvertY>false</InvertY>
              <Sensitivity>100</Sensitivity>
              <Linear>false</Linear>
              <DeadZone>0</DeadZone>
              <CircularDz>false</CircularDz>
            </Plugin>
          </Plugins>
        </Mapping>
        <Mapping Title="A">
          <DeviceBindings>
            <DeviceBinding IsBound="true" DeviceConfigurationGuid="799d5d2c-5b11-484c-a335-ebed87a23cf0" KeyType="1" KeyValue="48" KeySubValue="0" />
          </DeviceBindings>
          <Plugins>
            <Plugin xsi:type="ButtonToButton">
              <Outputs>
                <DeviceBinding IsBound="false" DeviceConfigurationGuid="00000000-0000-0000-0000-000000000000" KeyType="0" KeyValue="0" KeySubValue="0" />
              </Outputs>
              <Filters />
              <Invert>false</Invert>
            </Plugin>
          </Plugins>
        </Mapping>
        <Mapping Title="B">
          <DeviceBindings>
            <DeviceBinding IsBound="true" DeviceConfigurationGuid="799d5d2c-5b11-484c-a335-ebed87a23cf0" KeyType="1" KeyValue="49" KeySubValue="0" />
          </DeviceBindings>
          <Plugins>
            <Plugin xsi:type="ButtonToButton">
              <Outputs>
                <DeviceBinding IsBound="false" DeviceConfigurationGuid="00000000-0000-0000-0000-000000000000" KeyType="0" KeyValue="0" KeySubValue="0" />
              </Outputs>
              <Filters />
              <Invert>false</Invert>
            </Plugin>
          </Plugins>
        </Mapping>
        <Mapping Title="X">
          <DeviceBindings>
            <DeviceBinding IsBound="true" DeviceConfigurationGuid="799d5d2c-5b11-484c-a335-ebed87a23cf0" KeyType="1" KeyValue="50" KeySubValue="0" />
          </DeviceBindings>
          <Plugins>
            <Plugin xsi:type="ButtonToButton">
              <Outputs>
                <DeviceBinding IsBound="false" DeviceConfigurationGuid="00000000-0000-0000-0000-000000000000" KeyType="0" KeyValue="0" KeySubValue="0" />
              </Outputs>
              <Filters />
              <Invert>false</Invert>
            </Plugin>
          </Plugins>
        </Mapping>
        <Mapping Title="Y">
          <DeviceBindings>
            <DeviceBinding IsBound="true" DeviceConfigurationGuid="799d5d2c-5b11-484c-a335-ebed87a23cf0" KeyType="1" KeyValue="51" KeySubValue="0" />
          </DeviceBindings>
          <Plugins>
            <Plugin xsi:type="ButtonToButton">
              <Outputs>
                <DeviceBinding IsBound="false" DeviceConfigurationGuid="00000000-0000-0000-0000-000000000000" KeyType="0" KeyValue="0" KeySubValue="0" />
              </Outputs>
              <Filters />
              <Invert>false</Invert>
            </Plugin>
          </Plugins>
        </Mapping>
        <Mapping Title="LB">
          <DeviceBindings>
            <DeviceBinding IsBound="true" DeviceConfigurationGuid="799d5d2c-5b11-484c-a335-ebed87a23cf0" KeyType="1" KeyValue="52" KeySubValue="0" />
          </DeviceBindings>
          <Plugins>
            <Plugin xsi:type="ButtonToButton">
              <Outputs>
                <DeviceBinding IsBound="false" DeviceConfigurationGuid="00000000-0000-0000-0000-000000000000" KeyType="0" KeyValue="0" KeySubValue="0" />
              </Outputs>
              <Filters />
              <Invert>false</Invert>
            </Plugin>
          </Plugins>
        </Mapping>
        <Mapping Title="RB">
          <DeviceBindings>
            <DeviceBinding IsBound="true" DeviceConfigurationGuid="799d5d2c-5b11-484c-a335-ebed87a23cf0" KeyType="1" KeyValue="53" KeySubValue="0" />
          </DeviceBindings>
          <Plugins>
            <Plugin xsi:type="ButtonToButton">
              <Outputs>
                <DeviceBinding IsBound="false" DeviceConfigurationGuid="00000000-0000-0000-0000-000000000000" KeyType="0" KeyValue="0" KeySubValue="0" />
              </Outputs>
              <Filters />
              <Invert>false</Invert>
            </Plugin>
          </Plugins>
        </Mapping>
      </Mappings>
      <InputDeviceConfigurations>
        <DeviceConfiguration Guid="799d5d2c-5b11-484c-a335-ebed87a23cf0">
          <Device Title="USB PIC" ProviderName="SharpDX_DirectInput" DeviceHandle="VID_0461&amp;PID_0022" DeviceNumber="0" />
          <ShadowDevices />
        </DeviceConfiguration>
      </InputDeviceConfigurations>
      <OutputDeviceConfigurations>
        <DeviceConfiguration Guid="cd3ddffd-c988-4795-b9b1-c8b81921d288">
          <Device Title="Microsoft GS Wavetable Synth" ProviderName="Core_Midi" DeviceHandle="Microsoft GS Wavetable Synth" DeviceNumber="0" />
          <ShadowDevices />
        </DeviceConfiguration>
      </OutputDeviceConfigurations>
    </Profile>
    <Profile Title="picotravez" Guid="8ceacc5f-b138-4f76-a144-601dff8fcb94">
      <ChildProfiles />
      <Mappings>
        <Mapping Title="joy">
          <DeviceBindings>
            <DeviceBinding IsBound="true" DeviceConfigurationGuid="19998c17-9bb6-45c8-bf8f-7ace6ee19c8b" KeyType="0" KeyValue="0" KeySubValue="0" />
            <DeviceBinding IsBound="true" DeviceConfigurationGuid="19998c17-9bb6-45c8-bf8f-7ace6ee19c8b" KeyType="0" KeyValue="4" KeySubValue="0" />
          </DeviceBindings>
          <Plugins>
            <Plugin xsi:type="AxesToAxes">
              <Outputs>
                <DeviceBinding IsBound="true" DeviceConfigurationGuid="eaa7a80b-e2c3-452e-8d34-15bf05f0c87d" KeyType="0" KeyValue="0" KeySubValue="0" />
                <DeviceBinding IsBound="true" DeviceConfigurationGuid="eaa7a80b-e2c3-452e-8d34-15bf05f0c87d" KeyType="0" KeyValue="1" KeySubValue="0" />
              </Outputs>
              <Filters />
              <InvertX>false</InvertX>
              <InvertY>false</InvertY>
              <Sensitivity>100</Sensitivity>
              <Linear>false</Linear>
              <DeadZone>0</DeadZone>
              <CircularDz>false</CircularDz>
            </Plugin>
          </Plugins>
        </Mapping>
        <Mapping Title="A">
          <DeviceBindings>
            <DeviceBinding IsBound="true" DeviceConfigurationGuid="19998c17-9bb6-45c8-bf8f-7ace6ee19c8b" KeyType="1" KeyValue="48" KeySubValue="0" />
          </DeviceBindings>
          <Plugins>
            <Plugin xsi:type="ButtonToButton">
              <Outputs>
                <DeviceBinding IsBound="true" DeviceConfigurationGuid="eaa7a80b-e2c3-452e-8d34-15bf05f0c87d" KeyType="1" KeyValue="0" KeySubValue="0" />
              </Outputs>
              <Filters />
              <Invert>false</Invert>
            </Plugin>
          </Plugins>
        </Mapping>
        <Mapping Title="B">
          <DeviceBindings>
            <DeviceBinding IsBound="true" DeviceConfigurationGuid="19998c17-9bb6-45c8-bf8f-7ace6ee19c8b" KeyType="1" KeyValue="49" KeySubValue="0" />
          </DeviceBindings>
          <Plugins>
            <Plugin xsi:type="ButtonToButton">
              <Outputs>
                <DeviceBinding IsBound="true" DeviceConfigurationGuid="eaa7a80b-e2c3-452e-8d34-15bf05f0c87d" KeyType="1" KeyValue="1" KeySubValue="0" />
              </Outputs>
              <Filters />
              <Invert>false</Invert>
            </Plugin>
          </Plugins>
        </Mapping>
        <Mapping Title="X">
          <DeviceBindings>
            <DeviceBinding IsBound="true" DeviceConfigurationGuid="19998c17-9bb6-45c8-bf8f-7ace6ee19c8b" KeyType="1" KeyValue="50" KeySubValue="0" />
          </DeviceBindings>
          <Plugins>
            <Plugin xsi:type="ButtonToButton">
              <Outputs>
                <DeviceBinding IsBound="true" DeviceConfigurationGuid="eaa7a80b-e2c3-452e-8d34-15bf05f0c87d" KeyType="1" KeyValue="2" KeySubValue="0" />
              </Outputs>
              <Filters />
              <Invert>false</Invert>
            </Plugin>
          </Plugins>
        </Mapping>
        <Mapping Title="LB">
          <DeviceBindings>
            <DeviceBinding IsBound="true" DeviceConfigurationGuid="19998c17-9bb6-45c8-bf8f-7ace6ee19c8b" KeyType="1" KeyValue="52" KeySubValue="0" />
          </DeviceBindings>
          <Plugins>
            <Plugin xsi:type="ButtonToButton">
              <Outputs>
                <DeviceBinding IsBound="true" DeviceConfigurationGuid="eaa7a80b-e2c3-452e-8d34-15bf05f0c87d" KeyType="1" KeyValue="4" KeySubValue="0" />
              </Outputs>
              <Filters />
              <Invert>false</Invert>
            </Plugin>
          </Plugins>
        </Mapping>
        <Mapping Title="RB">
          <DeviceBindings>
            <DeviceBinding IsBound="true" DeviceConfigurationGuid="19998c17-9bb6-45c8-bf8f-7ace6ee19c8b" KeyType="1" KeyValue="53" KeySubValue="0" />
          </DeviceBindings>
          <Plugins>
            <Plugin xsi:type="ButtonToButton">
              <Outputs>
                <DeviceBinding IsBound="true" DeviceConfigurationGuid="eaa7a80b-e2c3-452e-8d34-15bf05f0c87d" KeyType="1" KeyValue="5" KeySubValue="0" />
              </Outputs>
              <Filters />
              <Invert>false</Invert>
            </Plugin>
          </Plugins>
        </Mapping>
        <Mapping Title="Y">
          <DeviceBindings>
            <DeviceBinding IsBound="true" DeviceConfigurationGuid="19998c17-9bb6-45c8-bf8f-7ace6ee19c8b" KeyType="1" KeyValue="51" KeySubValue="0" />
          </DeviceBindings>
          <Plugins>
            <Plugin xsi:type="ButtonToButton">
              <Outputs>
                <DeviceBinding IsBound="true" DeviceConfigurationGuid="eaa7a80b-e2c3-452e-8d34-15bf05f0c87d" KeyType="1" KeyValue="3" KeySubValue="0" />
              </Outputs>
              <Filters />
              <Invert>false</Invert>
            </Plugin>
          </Plugins>
        </Mapping>
      </Mappings>
      <InputDeviceConfigurations>
        <DeviceConfiguration Guid="19998c17-9bb6-45c8-bf8f-7ace6ee19c8b">
          <Device Title="USB PIC" ProviderName="SharpDX_DirectInput" DeviceHandle="VID_0461&amp;PID_0022" DeviceNumber="0" />
          <ShadowDevices />
        </DeviceConfiguration>
      </InputDeviceConfigurations>
      <OutputDeviceConfigurations>
        <DeviceConfiguration Guid="eaa7a80b-e2c3-452e-8d34-15bf05f0c87d">
          <Device Title="ViGEm Xbox 360 Controller 1" ProviderName="Core_ViGEm" DeviceHandle="xb360" DeviceNumber="0" />
          <ShadowDevices />
        </DeviceConfiguration>
      </OutputDeviceConfigurations>
    </Profile>
  </Profiles>
</Context>