{"Title":"USB PIC","ProviderName":"SharpDX_DirectInput","DeviceHandle":"VID_0461&PID_0022","DeviceNumber":0,"DeviceBindingMenu":[{"Title":"Axes","IsBinding":false,"ChildrenNodes":[{"Title":"X","IsBinding":true,"ChildrenNodes":null,"DeviceBindingInfo":{"KeyType":0,"KeyValue":0,"KeySubValue":0,"DeviceBindingCategory":2,"Blockable":false}},{"Title":"Y","IsBinding":true,"ChildrenNodes":null,"DeviceBindingInfo":{"KeyType":0,"KeyValue":4,"KeySubValue":0,"DeviceBindingCategory":2,"Blockable":false}}],"DeviceBindingInfo":null},{"Title":"Buttons","IsBinding":false,"ChildrenNodes":[{"Title":"1","IsBinding":true,"ChildrenNodes":null,"DeviceBindingInfo":{"KeyType":1,"KeyValue":48,"KeySubValue":0,"DeviceBindingCategory":1,"Blockable":false}},{"Title":"2","IsBinding":true,"ChildrenNodes":null,"DeviceBindingInfo":{"KeyType":1,"KeyValue":49,"KeySubValue":0,"DeviceBindingCategory":1,"Blockable":false}},{"Title":"3","IsBinding":true,"ChildrenNodes":null,"DeviceBindingInfo":{"KeyType":1,"KeyValue":50,"KeySubValue":0,"DeviceBindingCategory":1,"Blockable":false}},{"Title":"4","IsBinding":true,"ChildrenNodes":null,"DeviceBindingInfo":{"KeyType":1,"KeyValue":51,"KeySubValue":0,"DeviceBindingCategory":1,"Blockable":false}},{"Title":"5","IsBinding":true,"ChildrenNodes":null,"DeviceBindingInfo":{"KeyType":1,"KeyValue":52,"KeySubValue":0,"DeviceBindingCategory":1,"Blockable":false}},{"Title":"6","IsBinding":true,"ChildrenNodes":null,"DeviceBindingInfo":{"KeyType":1,"KeyValue":53,"KeySubValue":0,"DeviceBindingCategory":1,"Blockable":false}}],"DeviceBindingInfo":null}],"Blockable":false}